Nuclide, colA, colB
40K,0.0001512,0.00007
234Th,,
230Th,,
234Th,,
235U,,
235U,,
234mPa,,
214Pb,,
214Pb,0.00046,0.00011
214Pb,0.00041,0.00011
214Bi,0.00037,0.00009
214Bi,,
210Pb,,
228Ac,,
228Ac,,
228Ac,,
228Ac,,
212Pb,,
212Pb,,
212Bi,,
208Tl,0.00017,0.00009
208Tl,,
137Cs,,
241Am,,
7Be,,